filename;class_id;rel_x;rel_y;width;height
1 (102).jpg;2;0.030070754716981132;0.6401673640167364;0.060141509433962265;0.12133891213389121
1 (2).jpg;0;0.71875;0.5805439330543933;0.11202830188679246;0.12761506276150628
1 (26).jpg;0;0.4675707547169811;0.33472803347280333;0.38325471698113206;0.07112970711297072
1 (52).jpg;0;0.7694575471698113;0.9267782426778243;0.2134433962264151;0.13807531380753138
1 (67).jpg;2;0.05837264150943396;0.6548117154811716;0.11674528301886793;0.18828451882845187
1 (67).jpg;2;0.8372641509433962;0.5920502092050209;0.16037735849056603;0.11715481171548117
1 (68).jpg;2;0.8390330188679245;0.5993723849372385;0.07900943396226415;0.15271966527196654
1 (88).jpg;0;0.9257075471698113;0.9456066945606695;0.14858490566037735;0.058577405857740586
1 (89).jpg;2;0.9581367924528302;0.9581589958158996;0.08372641509433962;0.07112970711297072
1 (96).jpg;2;0.04716981132075472;0.7018828451882845;0.09433962264150944;0.13598326359832635
10.jpg;0;0.5229166666666667;0.7875;0.01875;0.058333333333333334
10.jpg;0;0.44427083333333334;0.7939814814814815;0.019791666666666666;0.06388888888888888
10.jpg;0;0.44453125;0.7921296296296296;0.022395833333333334;0.06759259259259259
100.jpg;0;0.9721354166666667;0.7513888888888889;0.0234375;0.04351851851851852
101.jpg;0;0.7697916666666667;0.3787037037037037;0.017708333333333333;0.03148148148148148
101.jpg;0;0.39557291666666666;0.9569444444444445;0.0171875;0.03981481481481482
101.jpg;0;0.47213541666666664;0.9574074074074074;0.0171875;0.03888888888888889
101.jpg;0;0.4734375;0.9578703703703704;0.022916666666666665;0.05092592592592592
101.jpg;0;0.98359375;0.6717592592592593;0.0265625;0.049074074074074076
102.jpg;0;0.39557291666666666;0.9495370370370371;0.0171875;0.041666666666666664
102.jpg;0;0.47213541666666664;0.9481481481481482;0.016145833333333335;0.037037037037037035
102.jpg;0;0.3958333333333333;0.9458333333333333;0.019791666666666666;0.049074074074074076
102.jpg;0;0.47239583333333335;0.9458333333333333;0.01875;0.04722222222222222
102.jpg;0;0.77109375;0.36527777777777776;0.019270833333333334;0.03425925925925926
102.jpg;0;0.4734375;0.9490740740740741;0.020833333333333332;0.044444444444444446
102.jpg;0;0.7703125;0.3680555555555556;0.015625;0.028703703703703703
102.jpg;0;0.9830729166666666;0.663425925925926;0.025520833333333333;0.04351851851851852
103.jpg;0;0.77109375;0.36064814814814816;0.018229166666666668;0.03611111111111111
103.jpg;0;0.471875;0.9430555555555555;0.01875;0.04722222222222222
103.jpg;0;0.39505208333333336;0.9430555555555555;0.018229166666666668;0.04351851851851852
103.jpg;0;0.39479166666666665;0.9472222222222222;0.016666666666666666;0.040740740740740744
103.jpg;0;0.471875;0.9458333333333333;0.015625;0.03796296296296296
103.jpg;0;0.9846354166666667;0.6592592592592592;0.022395833333333334;0.040740740740740744
104.jpg;0;0.47265625;0.9430555555555555;0.0203125;0.049074074074074076
104.jpg;0;0.39557291666666666;0.9425925925925925;0.0203125;0.046296296296296294
104.jpg;0;0.7713541666666667;0.35833333333333334;0.017708333333333333;0.03518518518518519
104.jpg;0;0.20234375;0.524074074074074;0.0140625;0.037037037037037035
104.jpg;0;0.20208333333333334;0.5222222222222223;0.017708333333333333;0.046296296296296294
104.jpg;0;0.39505208333333336;0.9453703703703704;0.0171875;0.03888888888888889
104.jpg;0;0.471875;0.9453703703703704;0.017708333333333333;0.03888888888888889
104.jpg;0;0.984375;0.6583333333333333;0.021875;0.03888888888888889
105.jpg;0;0.3953125;0.9407407407407408;0.020833333333333332;0.046296296296296294
105.jpg;0;0.47239583333333335;0.9407407407407408;0.021875;0.046296296296296294
105.jpg;0;0.7713541666666667;0.35555555555555557;0.01875;0.03518518518518519
105.jpg;0;0.39479166666666665;0.9444444444444444;0.017708333333333333;0.037037037037037035
106.jpg;0;0.3953125;0.9398148148148148;0.021875;0.04814814814814815
106.jpg;0;0.47265625;0.9407407407407408;0.022395833333333334;0.046296296296296294
106.jpg;0;0.31354166666666666;0.9231481481481482;0.051041666666666666;0.12222222222222222
106.jpg;0;0.9846354166666667;0.6513888888888889;0.0265625;0.05648148148148148
107.jpg;0;0.46901041666666665;0.9083333333333333;0.024479166666666666;0.06296296296296296
107.jpg;0;0.9825520833333333;0.7097222222222223;0.034895833333333334;0.13796296296296295
107.jpg;0;0.39166666666666666;0.9023148148148148;0.019791666666666666;0.06574074074074074
107.jpg;0;0.3919270833333333;0.9018518518518519;0.022395833333333334;0.06851851851851852
107.jpg;0;0.31015625;0.8875;0.05260416666666667;0.15833333333333333
108.jpg;0;0.4713541666666667;0.9101851851851852;0.023958333333333335;0.05925925925925926
108.jpg;0;0.3932291666666667;0.9087962962962963;0.021875;0.06388888888888888
108.jpg;0;0.9817708333333334;0.6837962962962963;0.036458333333333336;0.1361111111111111
108.jpg;0;0.31145833333333334;0.899074074074074;0.052083333333333336;0.1537037037037037
109.jpg;0;0.47161458333333334;0.9092592592592592;0.024479166666666666;0.05925925925925926
109.jpg;0;0.39348958333333334;0.9078703703703703;0.0203125;0.06388888888888888
109.jpg;0;0.98359375;0.6893518518518519;0.0328125;0.14907407407407408
109.jpg;0;0.9864583333333333;0.6509259259259259;0.026041666666666668;0.06851851851851852
11.jpg;0;0.4421875;0.6944444444444444;0.025;0.06666666666666667
11.jpg;0;0.5234375;0.6902777777777778;0.017708333333333333;0.05462962962962963
11.jpg;0;0.5239583333333333;0.6921296296296297;0.022916666666666665;0.062037037037037036
110.jpg;0;0.47265625;0.9083333333333333;0.0203125;0.05
110.jpg;0;0.3953125;0.9069444444444444;0.019791666666666666;0.05648148148148148
110.jpg;0;0.39557291666666666;0.9046296296296297;0.022395833333333334;0.06666666666666667
110.jpg;0;0.9880208333333333;0.649074074074074;0.022916666666666665;0.06481481481481481
12.jpg;0;0.44166666666666665;0.5953703703703703;0.023958333333333335;0.06666666666666667
12.jpg;0;0.19322916666666667;0.7972222222222223;0.016666666666666666;0.04259259259259259
12.jpg;0;0.5255208333333333;0.5916666666666667;0.021875;0.05555555555555555
13.jpg;0;0.4395833333333333;0.48564814814814816;0.026041666666666668;0.0712962962962963
13.jpg;0;0.18541666666666667;0.6953703703703704;0.01875;0.03888888888888889
13.jpg;0;0.5255208333333333;0.48148148148148145;0.021875;0.06111111111111111
13.jpg;0;0.6528645833333333;0.9847222222222223;0.016145833333333335;0.025
13.jpg;0;0.6877604166666667;0.9606481481481481;0.027604166666666666;0.04351851851851852
14.jpg;0;0.17838541666666666;0.5949074074074074;0.0234375;0.041666666666666664
14.jpg;0;0.5260416666666666;0.3699074074074074;0.025;0.07685185185185185
14.jpg;0;0.62890625;0.9351851851851852;0.0859375;0.05185185185185185
14.jpg;0;0.6546875;0.9300925925925926;0.021875;0.049074074074074076
15.jpg;0;0.5270833333333333;0.25324074074074077;0.03125;0.08981481481481482
15.jpg;0;0.17057291666666666;0.4861111111111111;0.021354166666666667;0.046296296296296294
16.jpg;0;0.7013020833333333;0.7333333333333333;0.034895833333333334;0.06111111111111111
16.jpg;0;0.15963541666666667;0.36944444444444446;0.016145833333333335;0.03333333333333333
16.jpg;0;0.5268229166666667;0.12407407407407407;0.025520833333333333;0.07777777777777778
16.jpg;0;0.5265625;0.12453703703703704;0.022916666666666665;0.07314814814814814
17.jpg;0;0.6682291666666667;0.6550925925925926;0.03333333333333333;0.05462962962962963
17.jpg;0;0.6645833333333333;0.6652777777777777;0.023958333333333335;0.028703703703703703
17.jpg;0;0.15026041666666667;0.2462962962962963;0.019270833333333334;0.040740740740740744
17.jpg;0;0.14869791666666668;0.2449074074074074;0.016145833333333335;0.03611111111111111
18.jpg;0;0.1421875;0.11574074074074074;0.016666666666666666;0.040740740740740744
19.jpg;0;0.7359375;0.7949074074074074;0.030208333333333334;0.11018518518518519
2 (12).jpg;1;0.43101415094339623;0.7332635983263598;0.0625;0.16108786610878661
2 (12).jpg;1;0.4257075471698113;0.7175732217573222;0.08254716981132075;0.2510460251046025
2 (13).jpg;1;0.4257075471698113;0.6746861924686193;0.07783018867924528;0.2280334728033473
2 (13).jpg;1;0.4268867924528302;0.6788702928870293;0.07075471698113207;0.16108786610878661
2 (13).jpg;1;0.42629716981132076;0.6893305439330544;0.0695754716981132;0.16527196652719664
2 (15).jpg;1;0.39976415094339623;0.6161087866108786;0.08018867924528301;0.2489539748953975
2 (15).jpg;1;0.3891509433962264;0.3002092050209205;0.09669811320754718;0.4246861924686193
2 (17).jpg;1;0.39327830188679247;0.25313807531380755;0.09787735849056604;0.4895397489539749
2 (26).jpg;0;0.6804245283018868;0.8472803347280334;0.07075471698113207;0.1799163179916318
2 (30).jpg;1;0.41273584905660377;0.12238493723849372;0.08490566037735849;0.24476987447698745
2 (32).jpg;1;0.41332547169811323;0.07635983263598327;0.07193396226415094;0.15271966527196654
2 (33).jpg;0;0.3555424528301887;0.805439330543933;0.020047169811320754;0.06276150627615062
2 (34).jpg;0;0.31662735849056606;0.17782426778242677;0.0294811320754717;0.058577405857740586
2 (34).jpg;0;0.35377358490566035;0.7625523012552301;0.02122641509433962;0.060669456066945605
2 (35).jpg;0;0.3142688679245283;0.15690376569037656;0.0294811320754717;0.058577405857740586
2 (36).jpg;0;0.3160377358490566;0.11401673640167365;0.02830188679245283;0.056485355648535567
2 (38).jpg;1;0.4233490566037736;0.7562761506276151;0.07075471698113207;0.10251046025104603
2 (39).jpg;1;0.44162735849056606;0.7175732217573222;0.06485849056603774;0.100418410041841
2 (4).jpg;1;0.41391509433962265;0.11610878661087866;0.12971698113207547;0.1903765690376569
2 (40).jpg;0;0.39327830188679247;0.5292887029288703;0.020047169811320754;0.06694560669456066
2 (43).jpg;0;0.3956367924528302;0.35460251046025104;0.01768867924528302;0.07322175732217573
2 (43).jpg;0;0.29245283018867924;0.2175732217573222;0.014150943396226415;0.04184100418410042
2 (46).jpg;0;0.2841981132075472;0.06694560669456066;0.014150943396226415;0.03765690376569038
2 (51).jpg;0;0.3555424528301887;0.03765690376569038;0.020047169811320754;0.06694560669456066
2 (62).jpg;1;0.4056603773584906;0.6872384937238494;0.07075471698113207;0.13179916317991633
2 (8).jpg;1;0.4044811320754717;0.8023012552301255;0.09905660377358491;0.33263598326359833
29.jpg;0;0.27395833333333336;0.9555555555555556;0.019791666666666666;0.040740740740740744
29.jpg;0;0.3463541666666667;0.9023148148148148;0.07291666666666667;0.09166666666666666
29.jpg;0;0.2734375;0.9560185185185185;0.016666666666666666;0.03796296296296296
3 (1).jpg;0;0.6173349056603774;0.604602510460251;0.031839622641509434;0.05439330543933055
3 (1).jpg;0;0.6173349056603774;0.606694560669456;0.027122641509433963;0.04602510460251046
3 (10).jpg;0;0.7741745283018868;0.3106694560669456;0.35495283018867924;0.13179916317991633
3 (10).jpg;0;0.3266509433962264;0.6307531380753139;0.11084905660377359;0.07322175732217573
3 (10).jpg;0;0.9669811320754716;0.3378661087866109;0.06367924528301887;0.10669456066945607
3 (100).jpg;0;0.5117924528301887;0.7322175732217573;0.0330188679245283;0.0502092050209205
3 (100).jpg;0;0.6308962264150944;0.5292887029288703;0.1179245283018868;0.2175732217573222
3 (100).jpg;0;0.6244103773584906;0.5523012552301255;0.1332547169811321;0.2510460251046025
3 (100).jpg;0;0.6420990566037735;0.600418410041841;0.06485849056603774;0.1297071129707113
3 (101).jpg;0;0.5182783018867925;0.7698744769874477;0.0294811320754717;0.0502092050209205
3 (104).jpg;0;0.47877358490566035;0.5177824267782427;0.09905660377358491;0.12761506276150628
3 (104).jpg;0;0.5919811320754716;0.8096234309623431;0.0330188679245283;0.04602510460251046
3 (104).jpg;0;0.5919811320754716;0.8085774058577406;0.03773584905660377;0.05230125523012552
3 (105).jpg;0;0.6149764150943396;0.8002092050209205;0.036556603773584904;0.056485355648535567
3 (105).jpg;0;0.7777122641509434;0.6108786610878661;0.10023584905660378;0.27615062761506276
3 (105).jpg;0;0.4964622641509434;0.49686192468619245;0.11320754716981132;0.12761506276150628
3 (106).jpg;0;0.5560141509433962;0.49581589958158995;0.09551886792452831;0.13389121338912133
3 (106).jpg;0;0.6639150943396226;0.8002092050209205;0.04245283018867924;0.056485355648535567
3 (107).jpg;0;0.5966981132075472;0.4811715481171548;0.09433962264150944;0.13807531380753138
3 (107).jpg;0;0.6992924528301887;0.7981171548117155;0.04716981132075472;0.056485355648535567
3 (108).jpg;0;0.7240566037735849;0.8221757322175732;0.04245283018867924;0.05439330543933055
3 (108).jpg;0;0.6226415094339622;0.5031380753138075;0.09433962264150944;0.14435146443514643
3 (109).jpg;0;0.7470518867924528;0.8242677824267782;0.041273584905660375;0.05439330543933055
3 (109).jpg;0;0.6468160377358491;0.5104602510460251;0.09551886792452831;0.14225941422594143
3 (11).jpg;0;0.7741745283018868;0.3608786610878661;0.3761792452830189;0.12343096234309624
3 (11).jpg;0;0.7606132075471698;0.35564853556485354;0.4009433962264151;0.11297071129707113
3 (111).jpg;0;0.7205188679245284;0.4801255230125523;0.09669811320754718;0.15690376569037656
3 (111).jpg;0;0.8136792452830188;0.7918410041841004;0.04716981132075472;0.05230125523012552
3 (111).jpg;0;0.6821933962264151;0.641213389121339;0.16391509433962265;0.1192468619246862
3 (112).jpg;0;0.7582547169811321;0.46338912133891214;0.09198113207547169;0.14853556485355648
3 (112).jpg;0;0.8472877358490566;0.7813807531380753;0.04363207547169811;0.056485355648535567
3 (112).jpg;0;0.7234669811320755;0.6213389121338913;0.15683962264150944;0.12133891213389121
3 (112).jpg;0;0.847877358490566;0.7813807531380753;0.049528301886792456;0.060669456066945605
3 (113).jpg;0;0.7883254716981132;0.45188284518828453;0.09080188679245282;0.14644351464435146
3 (113).jpg;0;0.875;0.7751046025104602;0.04245283018867924;0.05230125523012552
3 (114).jpg;0;0.8130896226415094;0.446652719665272;0.09080188679245282;0.1401673640167364
3 (114).jpg;0;0.9003537735849056;0.7709205020920502;0.04363207547169811;0.05230125523012552
3 (115).jpg;0;0.8372641509433962;0.4456066945606695;0.09198113207547169;0.14225941422594143
3 (115).jpg;0;0.9233490566037735;0.7740585774058577;0.04716981132075472;0.058577405857740586
3 (115).jpg;0;0.9239386792452831;0.7740585774058577;0.041273584905660375;0.05439330543933055
3 (118).jpg;0;0.9917452830188679;0.7332635983263598;0.014150943396226415;0.06485355648535565
3 (118).jpg;0;0.9168632075471698;0.399581589958159;0.10495283018867925;0.1506276150627615
3 (126).jpg;0;0.16863207547169812;0.1705020920502092;0.030660377358490566;0.06903765690376569
3 (135).jpg;0;0.015919811320754717;0.06694560669456066;0.031839622641509434;0.1087866108786611
3 (135).jpg;0;0.015330188679245283;0.06485355648535565;0.030660377358490566;0.11297071129707113
3 (136).jpg;0;0.017099056603773585;0.060669456066945605;0.03419811320754717;0.1087866108786611
3 (137).jpg;0;0.018278301886792452;0.0596234309623431;0.036556603773584904;0.10251046025104603
3 (139).jpg;0;0.017099056603773585;0.0596234309623431;0.03419811320754717;0.10251046025104603
3 (14).jpg;0;0.8189858490566038;0.3619246861924686;0.36202830188679247;0.12552301255230125
3 (140).jpg;0;0.32193396226415094;0.1108786610878661;0.025943396226415096;0.0794979079497908
3 (140).jpg;0;0.011202830188679245;0.05753138075313807;0.02240566037735849;0.09414225941422594
3 (15).jpg;0;0.7995283018867925;0.3577405857740586;0.4009433962264151;0.12133891213389121
3 (152).jpg;0;0.9109669811320755;0.6684100418410042;0.05070754716981132;0.056485355648535567
3 (153).jpg;0;0.7606132075471698;0.33368200836820083;0.09198113207547169;0.12343096234309624
3 (153).jpg;0;0.8584905660377359;0.6872384937238494;0.04009433962264151;0.04811715481171548
3 (153).jpg;0;0.8602594339622641;0.6882845188284519;0.045990566037735846;0.0502092050209205
3 (154).jpg;0;0.7175707547169812;0.348326359832636;0.09787735849056604;0.13598326359832635
3 (154).jpg;0;0.8189858490566038;0.6924686192468619;0.04363207547169811;0.05439330543933055
3 (156).jpg;0;0.7446933962264151;0.6778242677824268;0.03419811320754717;0.05439330543933055
3 (157).jpg;0;0.7051886792452831;0.6610878661087866;0.03773584905660377;0.058577405857740586
3 (158).jpg;0;0.6786556603773585;0.647489539748954;0.036556603773584904;0.056485355648535567
3 (158).jpg;0;0.5642688679245284;0.3064853556485356;0.10259433962264151;0.13598326359832635
3 (158).jpg;0;0.5536556603773585;0.4696652719665272;0.1214622641509434;0.10669456066945607
3 (159).jpg;0;0.6627358490566038;0.6307531380753139;0.0330188679245283;0.05230125523012552
3 (159).jpg;0;0.6615566037735849;0.6307531380753139;0.03773584905660377;0.060669456066945605
3 (159).jpg;0;0.5489386792452831;0.2928870292887029;0.09551886792452831;0.13807531380753138
3 (159).jpg;1;0.8160377358490566;0.40585774058577406;0.1320754716981132;0.30962343096234307
3 (162).jpg;0;0.6267688679245284;0.6098326359832636;0.031839622641509434;0.056485355648535567
3 (162).jpg;1;0.7582547169811321;0.4476987447698745;0.13679245283018868;0.16736401673640167
3 (163).jpg;0;0.6214622641509434;0.606694560669456;0.030660377358490566;0.058577405857740586
3 (163).jpg;0;0.620872641509434;0.6077405857740585;0.0294811320754717;0.04811715481171548
3 (163).jpg;1;0.7570754716981132;0.4435146443514644;0.10377358490566038;0.15481171548117154
3 (163).jpg;1;0.7735849056603774;0.3776150627615063;0.1320754716981132;0.28661087866108786
3 (19).jpg;1;0.7954009433962265;0.34205020920502094;0.4091981132075472;0.10251046025104603
3 (2).jpg;0;0.8343160377358491;0.3378661087866109;0.08844339622641509;0.14435146443514643
3 (2).jpg;0;0.6497641509433962;0.3587866108786611;0.25235849056603776;0.1192468619246862
3 (22).jpg;0;0.8278301886792453;0.3169456066945607;0.3443396226415094;0.1192468619246862
3 (23).jpg;0;0.8366745283018868;0.3117154811715481;0.3266509433962264;0.11297071129707113
3 (28).jpg;0;0.05306603773584906;0.5983263598326359;0.049528301886792456;0.04184100418410042
3 (3).jpg;0;0.8637971698113207;0.33158995815899583;0.09316037735849056;0.1401673640167364
3 (3).jpg;0;0.6627358490566038;0.34518828451882844;0.25707547169811323;0.11297071129707113
3 (3).jpg;0;0.90625;0.5156903765690377;0.09080188679245282;0.1108786610878661
3 (3).jpg;0;0.8602594339622641;0.3305439330543933;0.08608490566037735;0.14644351464435146
3 (3).jpg;0;0.5784198113207547;0.555439330543933;0.0294811320754717;0.027196652719665274
3 (32).jpg;0;0.8284198113207547;0.32112970711297073;0.3431603773584906;0.19874476987447698
3 (33).jpg;0;0.9917452830188679;0.28765690376569036;0.01650943396226415;0.08158995815899582
3 (4).jpg;1;0.7883254716981132;0.48326359832635984;0.10259433962264151;0.1799163179916318
3 (4).jpg;0;0.8797169811320755;0.32426778242677823;0.10849056603773585;0.15481171548117154
3 (4).jpg;1;0.7859669811320755;0.4874476987447699;0.10023584905660378;0.18828451882845187
3 (4).jpg;0;0.6816037735849056;0.34518828451882844;0.25;0.1087866108786611
3 (4).jpg;0;0.9274764150943396;0.5209205020920502;0.09080188679245282;0.11297071129707113
3 (4).jpg;0;0.7936320754716981;0.3117154811715481;0.03773584905660377;0.0794979079497908
3 (4).jpg;0;0.6945754716981132;0.5313807531380753;0.02830188679245283;0.03347280334728033
3 (43).jpg;0;0.8018867924528302;0.551255230125523;0.0660377358490566;0.06485355648535565
3 (43).jpg;0;0.9599056603773585;0.8870292887029289;0.02358490566037736;0.04602510460251046
3 (45).jpg;0;0.9893867924528302;0.8661087866108786;0.018867924528301886;0.04602510460251046
3 (45).jpg;0;0.8685141509433962;0.5198744769874477;0.07429245283018868;0.06903765690376569
3 (5).jpg;1;0.8077830188679245;0.4769874476987448;0.09433962264150944;0.1799163179916318
3 (5).jpg;0;0.9003537735849056;0.3148535564853556;0.10259433962264151;0.1694560669456067
3 (5).jpg;0;0.8915094339622641;0.3138075313807531;0.08726415094339622;0.1799163179916318
3 (5).jpg;1;0.8130896226415094;0.47594142259414224;0.10259433962264151;0.17782426778242677
3 (5).jpg;0;0.71875;0.5230125523012552;0.03419811320754717;0.03765690376569038
3 (53).jpg;0;0.9652122641509434;0.44142259414225943;0.05778301886792453;0.05439330543933055
3 (53).jpg;2;0.42629716981132076;0.645397489539749;0.07665094339622641;0.303347280334728
3 (53).jpg;0;0.6267688679245284;0.5209205020920502;0.027122641509433963;0.04602510460251046
3 (55).jpg;0;0.7275943396226415;0.44037656903765693;0.0660377358490566;0.0899581589958159
3 (55).jpg;0;0.6786556603773585;0.5209205020920502;0.024764150943396228;0.04184100418410042
3 (55).jpg;0;0.6780660377358491;0.5198744769874477;0.02830188679245283;0.04811715481171548
3 (55).jpg;0;0.8349056603773585;0.37656903765690375;0.030660377358490566;0.04602510460251046
3 (55).jpg;0;0.8354952830188679;0.3786610878661088;0.036556603773584904;0.058577405857740586
3 (56).jpg;0;0.7069575471698113;0.5125523012552301;0.027122641509433963;0.04602510460251046
3 (56).jpg;0;0.7564858490566038;0.4205020920502092;0.05778301886792453;0.1087866108786611
3 (56).jpg;0;0.8702830188679245;0.3619246861924686;0.04245283018867924;0.07112970711297072
3 (57).jpg;0;0.7446933962264151;0.5261506276150628;0.0294811320754717;0.04811715481171548
3 (57).jpg;0;0.9162735849056604;0.3797071129707113;0.04481132075471698;0.06903765690376569
3 (57).jpg;0;0.7930424528301887;0.42782426778242677;0.045990566037735846;0.0899581589958159
3 (58).jpg;0;0.9310141509433962;0.3817991631799163;0.06485849056603774;0.15690376569037656
3 (58).jpg;0;0.7665094339622641;0.5648535564853556;0.025943396226415096;0.04184100418410042
3 (58).jpg;0;0.7653301886792453;0.5648535564853556;0.030660377358490566;0.0502092050209205
3 (58).jpg;0;0.8207547169811321;0.4665271966527197;0.06367924528301887;0.11297071129707113
3 (58).jpg;0;0.9398584905660378;0.4215481171548117;0.04009433962264151;0.06485355648535565
3 (59).jpg;0;0.7830188679245284;0.5805439330543933;0.025943396226415096;0.043933054393305436
3 (59).jpg;0;0.7883254716981132;0.23117154811715482;0.10495283018867925;0.06485355648535565
3 (59).jpg;0;0.7081367924528302;0.30962343096234307;0.05778301886792453;0.14225941422594143
3 (59).jpg;0;0.7063679245283019;0.3284518828451883;0.05188679245283019;0.10460251046025104
3 (6).jpg;0;0.9257075471698113;0.29497907949790797;0.09905660377358491;0.12552301255230125
3 (6).jpg;1;0.8378537735849056;0.47175732217573224;0.10023584905660378;0.18619246861924685
3 (60).jpg;0;0.8060141509433962;0.5951882845188284;0.03419811320754717;0.04811715481171548
3 (60).jpg;1;0.8679245283018868;0.502092050209205;0.07311320754716981;0.1087866108786611
3 (60).jpg;0;0.9929245283018868;0.24686192468619247;0.01179245283018868;0.058577405857740586
3 (61).jpg;1;0.46108490566037735;0.39748953974895396;0.09433962264150944;0.2719665271966527
3 (61).jpg;0;0.8325471698113207;0.6056485355648535;0.05660377358490566;0.05230125523012552
3 (61).jpg;0;0.7158018867924528;0.4811715481171548;0.049528301886792456;0.05439330543933055
3 (64).jpg;0;0.9705188679245284;0.5658995815899581;0.04009433962264151;0.06485355648535565
3 (64).jpg;0;0.9705188679245284;0.5658995815899581;0.030660377358490566;0.05230125523012552
3 (65).jpg;0;0.6432783018867925;0.4110878661087866;0.05306603773584906;0.0899581589958159
3 (65).jpg;0;0.9887971698113207;0.35564853556485354;0.020047169811320754;0.06276150627615062
3 (66).jpg;0;0.6633254716981132;0.4351464435146444;0.04363207547169811;0.07531380753138076
3 (66).jpg;1;0.847877358490566;0.4811715481171548;0.28537735849056606;0.09205020920502092
3 (67).jpg;0;0.6816037735849056;0.4445606694560669;0.04481132075471698;0.06903765690376569
3 (68).jpg;0;0.6957547169811321;0.4571129707112971;0.04009433962264151;0.07322175732217573
3 (69).jpg;0;0.7382075471698113;0.4602510460251046;0.04481132075471698;0.07531380753138076
3 (73).jpg;1;0.40212264150943394;0.8378661087866108;0.21933962264150944;0.29497907949790797
3 (74).jpg;1;0.4115566037735849;0.8441422594142259;0.2099056603773585;0.28661087866108786
3 (75).jpg;0;0.00589622641509434;0.7092050209205021;0.01179245283018868;0.05439330543933055
3 (75).jpg;1;0.4068396226415094;0.8284518828451883;0.2028301886792453;0.2384937238493724
3 (76).jpg;0;0.012382075471698114;0.7018828451882845;0.024764150943396228;0.04811715481171548
3 (77).jpg;0;0.0330188679245283;0.6882845188284519;0.02358490566037736;0.04602510460251046
3 (78).jpg;0;0.04834905660377359;0.700836820083682;0.025943396226415096;0.0502092050209205
3 (78).jpg;1;0.4380896226415094;0.8514644351464435;0.17570754716981132;0.26778242677824265
3 (78).jpg;0;0.047759433962264154;0.6997907949790795;0.02240566037735849;0.043933054393305436
3 (79).jpg;1;0.45577830188679247;0.8357740585774058;0.1875;0.3075313807531381
3 (79).jpg;0;0.07134433962264151;0.6997907949790795;0.02240566037735849;0.043933054393305436
3 (79).jpg;0;0.07311320754716981;0.7018828451882845;0.025943396226415096;0.05230125523012552
3 (79).jpg;1;0.455188679245283;0.47594142259414224;0.22877358490566038;0.16527196652719664
3 (8).jpg;0;0.9711084905660378;0.2730125523012552;0.05778301886792453;0.18200836820083682
3 (8).jpg;0;0.7093160377358491;0.34414225941422594;0.41627358490566035;0.06485355648535565
3 (8).jpg;1;0.8932783018867925;0.446652719665272;0.11202830188679246;0.21548117154811716
3 (81).jpg;1;0.3596698113207547;0.8127615062761506;0.17688679245283018;0.3493723849372385
3 (81).jpg;0;0.13502358490566038;0.6893305439330544;0.02240566037735849;0.043933054393305436
3 (81).jpg;0;0.13561320754716982;0.6914225941422594;0.02830188679245283;0.05230125523012552
3 (81).jpg;1;0.24705188679245282;0.47594142259414224;0.14504716981132076;0.23640167364016737
3 (82).jpg;0;0.16922169811320756;0.7018828451882845;0.024764150943396228;0.04811715481171548
3 (82).jpg;1;0.2429245283018868;0.497907949790795;0.14386792452830188;0.24686192468619247
3 (82).jpg;1;0.30483490566037735;0.26778242677824265;0.1332547169811321;0.24267782426778242
3 (82).jpg;0;0.05837264150943396;0.4131799163179916;0.0625;0.12343096234309624
3 (83).jpg;0;0.20047169811320756;0.7123430962343096;0.02830188679245283;0.04811715481171548
3 (84).jpg;1;0.18160377358490565;0.502092050209205;0.3632075471698113;0.2175732217573222
3 (84).jpg;0;0.2258254716981132;0.7144351464435147;0.024764150943396228;0.04811715481171548
3 (84).jpg;0;0.22346698113207547;0.7123430962343096;0.020047169811320754;0.03556485355648536
3 (85).jpg;0;0.2446933962264151;0.7123430962343096;0.027122641509433963;0.043933054393305436
3 (88).jpg;0;0.3402122641509434;0.7175732217573222;0.031839622641509434;0.0502092050209205
3 (88).jpg;0;0.008254716981132075;0.12656903765690378;0.01650943396226415;0.056485355648535567
3 (88).jpg;0;0.3402122641509434;0.7196652719665272;0.027122641509433963;0.04184100418410042
3 (88).jpg;0;0.009433962264150943;0.11820083682008369;0.018867924528301886;0.07740585774058577
3 (89).jpg;0;0.36851415094339623;0.7259414225941423;0.0294811320754717;0.05439330543933055
3 (89).jpg;0;0.04068396226415094;0.13702928870292888;0.041273584905660375;0.04811715481171548
3 (9).jpg;0;0.7588443396226415;0.3410041841004184;0.34787735849056606;0.07112970711297072
3 (9).jpg;0;0.71875;0.34518828451882844;0.4233490566037736;0.07112970711297072
3 (9).jpg;0;0.7706367924528302;0.3138075313807531;0.3313679245283019;0.11715481171548117
3 (9).jpg;0;0.9764150943396226;0.27615062761506276;0.04716981132075472;0.1799163179916318
3 (90).jpg;0;0.39858490566037735;0.7238493723849372;0.030660377358490566;0.05439330543933055
3 (90).jpg;0;0.39799528301886794;0.7228033472803347;0.027122641509433963;0.04811715481171548
3 (91).jpg;0;0.4268867924528302;0.7259414225941423;0.030660377358490566;0.0502092050209205
3 (92).jpg;0;0.451061320754717;0.7196652719665272;0.024764150943396228;0.04602510460251046
3 (92).jpg;0;0.45047169811320753;0.7196652719665272;0.02830188679245283;0.05439330543933055
3 (93).jpg;0;0.45754716981132076;0.7238493723849372;0.02830188679245283;0.0502092050209205
3 (96).jpg;0;0.4840801886792453;0.7332635983263598;0.0294811320754717;0.04811715481171548
3 (97).jpg;0;0.49292452830188677;0.700836820083682;0.03773584905660377;0.058577405857740586
3 (97).jpg;0;0.6149764150943396;0.5115062761506276;0.11674528301886793;0.27824267782426776
3 (98).jpg;0;0.49056603773584906;0.7123430962343096;0.030660377358490566;0.04811715481171548
3 (99).jpg;0;0.5005896226415094;0.7207112970711297;0.0294811320754717;0.04811715481171548
3 (99).jpg;0;0.5;0.7196652719665272;0.0330188679245283;0.05439330543933055
30.jpg;0;0.2682291666666667;0.8717592592592592;0.021875;0.04722222222222222
31.jpg;0;0.2625;0.7814814814814814;0.01875;0.04259259259259259
31.jpg;0;0.26119791666666664;0.7814814814814814;0.016145833333333335;0.03888888888888889
32.jpg;0;0.3411458333333333;0.6152777777777778;0.058333333333333334;0.09722222222222222
34.jpg;0;0.5184895833333333;0.8189814814814815;0.0296875;0.14722222222222223
35.jpg;0;0.7807291666666667;0.8287037037037037;0.020833333333333332;0.04259259259259259
37.jpg;4;0.35572916666666665;0.9050925925925926;0.075;0.11203703703703703
38.jpg;0;0.8166666666666667;0.9490740740740741;0.09270833333333334;0.09074074074074075
39.jpg;0;0.7080729166666667;0.9185185185185185;0.0328125;0.06666666666666667
4.jpg;0;0.5309895833333333;0.9847222222222223;0.016145833333333335;0.028703703703703703
42.jpg;0;0.8453125;0.8675925925925926;0.08541666666666667;0.1537037037037037
48.jpg;0;0.32786458333333335;0.7486111111111111;0.0734375;0.11574074074074074
48.jpg;0;0.3184895833333333;0.7467592592592592;0.0484375;0.10833333333333334
49.jpg;0;0.30703125;0.6439814814814815;0.034895833333333334;0.09722222222222222
6.jpg;0;0.26666666666666666;0.9805555555555555;0.017708333333333333;0.025925925925925925
62.jpg;0;0.9302083333333333;0.8009259259259259;0.021875;0.044444444444444446
64.jpg;0;0.3375;0.9648148148148148;0.06145833333333333;0.06666666666666667
67.jpg;0;0.32265625;0.7106481481481481;0.06510416666666667;0.12129629629629629
69.jpg;0;0.31328125;0.49398148148148147;0.06822916666666666;0.13796296296296295
7.jpg;0;0.5309895833333333;0.7888888888888889;0.028645833333333332;0.1925925925925926
7.jpg;0;0.4440104166666667;0.7976851851851852;0.025520833333333333;0.1824074074074074
7.jpg;0;0.44427083333333334;0.7986111111111112;0.025;0.18055555555555555
72.jpg;0;0.24557291666666667;0.9796296296296296;0.0234375;0.03148148148148148
73.jpg;0;0.5645833333333333;0.950462962962963;0.03333333333333333;0.05092592592592592
73.jpg;0;0.6138020833333333;0.9259259259259259;0.022395833333333334;0.046296296296296294
74.jpg;0;0.5661458333333333;0.8611111111111112;0.03333333333333333;0.06111111111111111
74.jpg;0;0.61796875;0.8393518518518519;0.030729166666666665;0.06388888888888888
75.jpg;0;0.5677083333333334;0.7638888888888888;0.036458333333333336;0.05925925925925926
75.jpg;0;0.31875;0.8662037037037037;0.03229166666666667;0.06388888888888888
75.jpg;0;0.61796875;0.7388888888888889;0.025520833333333333;0.06111111111111111
76.jpg;0;0.5692708333333333;0.6652777777777777;0.036458333333333336;0.049074074074074076
77.jpg;0;0.5690104166666666;0.5550925925925926;0.0328125;0.05092592592592592
77.jpg;0;0.5388020833333333;0.612037037037037;0.021354166666666667;0.17592592592592593
77.jpg;0;0.7390625;0.961574074074074;0.035416666666666666;0.05648148148148148
78.jpg;0;0.5716145833333334;0.44212962962962965;0.0359375;0.049074074074074076
78.jpg;0;0.6432291666666666;0.9722222222222222;0.04375;0.05555555555555555
78.jpg;0;0.5395833333333333;0.49675925925925923;0.022916666666666665;0.19166666666666668
79.jpg;0;0.6083333333333333;0.9787037037037037;0.016666666666666666;0.03333333333333333
8.jpg;0;0.5223958333333333;0.9657407407407408;0.017708333333333333;0.04259259259259259
8.jpg;0;0.5221354166666666;0.9694444444444444;0.015104166666666667;0.03518518518518519
8.jpg;0;0.4466145833333333;0.9708333333333333;0.016145833333333335;0.03981481481481482
8.jpg;0;0.446875;0.9671296296296297;0.019791666666666666;0.049074074074074076
82.jpg;0;0.042708333333333334;0.9671296296296297;0.03958333333333333;0.06018518518518518
82.jpg;0;0.6182291666666667;0.7203703703703703;0.025;0.07037037037037037
83.jpg;0;0.7028645833333333;0.9583333333333334;0.0484375;0.07037037037037037
83.jpg;0;0.840625;0.8523148148148149;0.052083333333333336;0.08055555555555556
9.jpg;0;0.44583333333333336;0.888425925925926;0.019791666666666666;0.062037037037037036
9.jpg;0;0.35651041666666666;0.9611111111111111;0.07552083333333333;0.07222222222222222
9.jpg;0;0.5229166666666667;0.8833333333333333;0.015625;0.044444444444444446
9.jpg;0;0.5244791666666667;0.8833333333333333;0.01875;0.053703703703703705
92.jpg;0;0.30546875;0.8976851851851851;0.05677083333333333;0.1287037037037037
92.jpg;0;0.31484375;0.9041666666666667;0.03802083333333333;0.13240740740740742
92.jpg;0;0.7234375;0.2212962962962963;0.030208333333333334;0.18888888888888888
93.jpg;0;0.30182291666666666;0.8138888888888889;0.0578125;0.15185185185185185
93.jpg;0;0.7263020833333333;0.09444444444444444;0.04010416666666667;0.17777777777777778
94.jpg;0;0.30807291666666664;0.7245370370370371;0.0328125;0.1527777777777778
95.jpg;0;0.303125;0.6185185185185185;0.03229166666666667;0.15185185185185185
95.jpg;0;0.4817708333333333;0.9791666666666666;0.019791666666666666;0.03796296296296296
97.jpg;0;0.74609375;0.7828703703703703;0.016145833333333335;0.04351851851851852
97.jpg;0;0.2916666666666667;0.3976851851851852;0.030208333333333334;0.1527777777777778
98.jpg;0;0.9479166666666666;0.9351851851851852;0.025;0.03888888888888889
